<?xml version="1.0" encoding="UTF-8"?>
<beans 
   xmlns="http://www.springframework.org/schema/beans"
   xmlns:xsi="http://www.w3.org/2001/XMLSchema-instance"
   xsi:schemaLocation="http://www.springframework.org/schema/beans https://www.springframework.org/schema/beans/spring-beans.xsd">
   <bean name="insaBean" class="com.mycompany.online.ListController">
   		<property name="listBean">
   		<!-- List<String> listBean = new ArrayList<>(); listBean.add("Hi ~!"); -->
   			<list>
   				<value>인사는 Hi ~!</value>
   				<value>인사는 Hello ~!</value>
   				<value>인사는 Bye ~!</value>
   			</list>
   		</property>
   </bean>
</beans>