<?xml version="1.0" encoding="UTF-8"?>
<beans xmlns="http://www.springframework.org/schema/beans"
   xmlns:xsi="http://www.w3.org/2001/XMLSchema-instance"
   xsi:schemaLocation="http://www.springframework.org/schema/beans https://www.springframework.org/schema/beans/spring-beans.xsd">
   <!-- Root Context: defines shared resources visible to all other web components -->
   <bean id="hikariConfig" class="com.zaxxer.hikari.HikariConfig">
      <property name="driverClassName" value="oracle.jdbc.driver.OracleDriver"/>
      <property name="jdbcUrl" value="jdbc:oracle:thin:@127.0.0.1:1521:orcl11"/>
      <property name="username" value="scott"/>
      <property name="password" value="tiger"/>
   </bean>
   <bean id="dataSource" class="com.zaxxer.hikari.HikariDataSource" destroy-method="close">
      <constructor-arg ref="hikariConfig"/>
   </bean>
   <bean id="sqlSessionFactory" class="org.mybatis.spring.SqlSessionFactoryBean">
      <property name="configLocation" value="WEB-INF/mybatis-config.xml" />
      <property name="dataSource" ref="dataSource" />
   </bean>
   <bean id="sqlSessionTemplate" class="org.mybatis.spring.SqlSessionTemplate">
      <constructor-arg index="0" ref="sqlSessionFactory" />
   </bean>
   <bean id="member-Logic" class="com.mycompany.online.MemberLogic">
      <property name="memberDao" ref="member-dao"/>
   </bean>
   <bean id="member-dao" class="com.mycompany.online.MemberDao">
      <property name="sqlSessionTemplate" ref="sqlSessionTemplate"/>
   </bean>
</beans>